{"cameraMode":{"drawMode":0,"name":"Shaded","section":"Shading Mode"},"sceneLighting":true,"audioPlay":false,"sceneViewState":{"showFog":true,"showMaterialUpdate":false,"showSkybox":true,"showFlares":true,"showImageEffects":true,"showParticleSystems":true},"in2DMode":false,"pivot":{"x":1.9983495473861695,"y":0.27580878138542178,"z":0.362039178609848},"rotation":{"x":-0.18428711593151093,"y":-0.5272748470306397,"z":0.11835763603448868,"w":-0.8209900856018066},"size":16.33503532409668,"orthographic":false}