{"cameraMode":{"drawMode":0,"name":"Shaded","section":"Shading Mode"},"sceneLighting":false,"audioPlay":false,"sceneViewState":{"showFog":true,"showMaterialUpdate":false,"showSkybox":false,"showFlares":true,"showImageEffects":true,"showParticleSystems":true},"in2DMode":false,"pivot":{"x":-0.14565297961235047,"y":0.6935873031616211,"z":0.1808633804321289},"rotation":{"x":-0.07033706456422806,"y":0.05469832569360733,"z":-0.003862612647935748,"w":-0.9960302710533142},"size":2.7707104682922365,"orthographic":false}